url,signals,explanation_en,simplified_signals,confidence_level,refined_explanation
https://www.dzwww.com,,This URL was classified as malicious based on underlying structural indicators even though no dominant lexical anomalies were detected.,,OBSERVATIONAL,"The URL https://www.dzwww.com appears to have a mix of characteristics. On the one hand, it uses secure HTTPS and has a common domain extension (.com), which are positive indications. However, the domain structure ""dzwww"" may raise some caution due to its simplicity and lack of descriptive value. Overall, while this URL doesn't exhibit any overtly suspicious behavior, its unusual domain"
https://www.globalreporting.org, ,"This URL is classified as malicious because it uses an unusually long and potentially deceptive domain name, shows repeated character sequences indicative of lexical obfuscation, uses a low-trust top-level domain frequently abused in phishing campaigns, and shows semantic inconsistency between the URL structure and webpage content. These characteristics are frequently associated with deceptive or malicious web infrastructure.", ,OBSERVATIONAL,"The URL https://www.globalreporting.org appears to have a mix of legitimate and neutral characteristics. The use of HTTPS is a strong indicator, as it suggests the site prioritizes security. Additionally, the domain structure is readable and follows common conventions. However, without more information or context, it's difficult to make a definitive assessment. A cautious approach would be warranted due to the lack of explicit indicators"
https://www.se.cuhk.edu.hk,contains excessive nested subdomains frequently used to disguise malicious destinations | shows repeated character sequences indicative of lexical obfuscation | uses a low-trust top-level domain frequently abused in phishing campaigns | shows semantic inconsistency between the URL structure and webpage content,"This URL is classified as malicious because it contains excessive nested subdomains frequently used to disguise malicious destinations, shows repeated character sequences indicative of lexical obfuscation, uses a low-trust top-level domain frequently abused in phishing campaigns, and shows semantic inconsistency between the URL structure and webpage content. These characteristics are frequently associated with deceptive or malicious web infrastructure.",multiple nested subdomains | repeated character patterns | uncommon top-level domain | url and page content mismatch,MODERATELY SUSPICIOUS,"This URL appears moderately suspicious due to its complex structure, featuring multiple nested subdomains. The ""se"" and "".cuhk.edu.hk"" combination is an uncommon top-level domain, which may raise concerns about authenticity. However, the use of secure HTTPS protocol suggests a legitimate attempt at security. Additionally, the readable domain structure implies some level of organization. Ultimately, caution is warranted due to the"
https://www.co.fairbanks.ak.us,contains excessive nested subdomains frequently used to disguise malicious destinations | shows repeated character sequences indicative of lexical obfuscation | uses a low-trust top-level domain frequently abused in phishing campaigns | shows semantic inconsistency between the URL structure and webpage content | contains sensitive keywords such as bank commonly targeted in credential theft attacks,"This URL is classified as malicious because it contains excessive nested subdomains frequently used to disguise malicious destinations, shows repeated character sequences indicative of lexical obfuscation, uses a low-trust top-level domain frequently abused in phishing campaigns, shows semantic inconsistency between the URL structure and webpage content, and contains sensitive keywords such as bank commonly targeted in credential theft attacks. The combination of these indicators strongly resembles known phishing, credential harvesting, malware delivery, or malicious redirection infrastructure.",multiple nested subdomains | repeated character patterns | uncommon top-level domain | url and page content mismatch | contains sensitive keywords such as bank commonly targeted in credential theft attacks,MODERATELY SUSPICIOUS,"This URL may appear suspicious due to its complex structure, with multiple nested subdomains. The uncommon top-level domain "".ak"" (Alaska) could also raise red flags. However, the secure HTTPS usage and readable domain structure suggest some legitimacy. A mismatch between the URL and page content might indicate a redirect or phishing attempt. Overall, caution is warranted due to these mixed signals, but it's not"
https://www.about.us.hsbc.com,contains excessive nested subdomains frequently used to disguise malicious destinations | shows repeated character sequences indicative of lexical obfuscation | shows semantic inconsistency between the URL structure and webpage content,"This URL is classified as malicious because it contains excessive nested subdomains frequently used to disguise malicious destinations, shows repeated character sequences indicative of lexical obfuscation, and shows semantic inconsistency between the URL structure and webpage content. These characteristics are frequently associated with deceptive or malicious web infrastructure.",multiple nested subdomains | repeated character patterns | url and page content mismatch,MODERATELY SUSPICIOUS,"The URL https://www.about.us.hsbc.com appears moderately suspicious due to multiple nested subdomains, which can make it harder to determine the actual destination. However, other legitimate characteristics are present, such as recognizable brand-style naming and secure HTTPS usage. The enterprise-style subdomain organization is also consistent with a large company like HSBC. Nevertheless, the mismatch between the URL and page content could indicate a"
https://www.igorware.com,shows repeated character sequences indicative of lexical obfuscation,This URL is classified as malicious because it shows repeated character sequences indicative of lexical obfuscation. Some of these indicators may suggest attempts to hide or obfuscate the true destination of the URL.,repeated character patterns,OBSERVATIONAL,"The URL https://www.igorware.com appears to have a mixed profile. On one hand, it uses secure HTTPS and has a common domain extension (.com), which are positive indicators of legitimacy. However, the domain structure is quite generic, which could be seen as potentially misleading or vague. Overall, while there's no clear indication of malicious activity, caution should be exercised due to the somewhat ambiguous"
https://www.authorea.com,shows repeated character sequences indicative of lexical obfuscation | contains sensitive keywords such as auth commonly targeted in credential theft attacks,"This URL is classified as malicious because it shows repeated character sequences indicative of lexical obfuscation, and contains sensitive keywords such as auth commonly targeted in credential theft attacks. Some of these indicators may suggest attempts to hide or obfuscate the true destination of the URL.",repeated character patterns | contains sensitive keywords such as auth commonly targeted in credential theft attacks,OBSERVATIONAL,"The URL https://www.authorea.com appears to have a mix of legitimate and suspicious characteristics. It uses HTTPS, which is secure, but the ""www"" subdomain may indicate an older website structure. The domain extension "".com"" is common, but Authorea's brand-style naming might raise some curiosity about its authenticity. Overall, this URL's behavior seems cautious, suggesting it may be a legitimate"
https://www.fvcbank.com,shows repeated character sequences indicative of lexical obfuscation | contains sensitive keywords such as bank commonly targeted in credential theft attacks,"This URL is classified as malicious because it shows repeated character sequences indicative of lexical obfuscation, and contains sensitive keywords such as bank commonly targeted in credential theft attacks. Some of these indicators may suggest attempts to hide or obfuscate the true destination of the URL.",repeated character patterns | contains sensitive keywords such as bank commonly targeted in credential theft attacks,OBSERVATIONAL,"The URL appears to have a mix of legitimate and suspicious characteristics. The use of HTTPS is a positive indicator, as it ensures secure communication between the user's browser and the website. However, the domain name ""fvcbank"" doesn't immediately suggest a well-known bank, which could raise some caution. Overall, while there are no outright red flags, this URL warrants closer inspection to verify its authenticity"
https://www.confirmedvpn.com,shows repeated character sequences indicative of lexical obfuscation | contains sensitive keywords such as confirm commonly targeted in credential theft attacks,"This URL is classified as malicious because it shows repeated character sequences indicative of lexical obfuscation, and contains sensitive keywords such as confirm commonly targeted in credential theft attacks. Some of these indicators may suggest attempts to hide or obfuscate the true destination of the URL.",repeated character patterns | contains sensitive keywords such as confirm commonly targeted in credential theft attacks,OBSERVATIONAL,"This URL appears cautiously suspicious due to its lack of explicit red flags. The secure HTTPS usage and common domain extension (com) are legitimate characteristics, indicating a potentially genuine website. However, the absence of any notable suspicious indicators means we cannot confidently rule out potential issues. A cautious approach is warranted when interacting with this site, as more information would be needed to fully assess its legitimacy."
https://www.loginradius.com,shows repeated character sequences indicative of lexical obfuscation | contains sensitive keywords such as login commonly targeted in credential theft attacks,"This URL is classified as malicious because it shows repeated character sequences indicative of lexical obfuscation, and contains sensitive keywords such as login commonly targeted in credential theft attacks. Some of these indicators may suggest attempts to hide or obfuscate the true destination of the URL.",repeated character patterns | contains sensitive keywords such as login commonly targeted in credential theft attacks,OBSERVATIONAL,"The URL https://www.loginradius.com appears cautiously legitimate. The secure HTTPS usage is a positive indicator, as it suggests the site prioritizes data encryption. Additionally, the domain extension (.com) and structure (e.g., www.) are common and easily recognizable. However, without further context or specific indicators of suspicious activity, this URL's behavior seems normal. It's worth noting that the brand-style"
https://www.iseepassword.com,shows repeated character sequences indicative of lexical obfuscation | contains sensitive keywords such as password commonly targeted in credential theft attacks,"This URL is classified as malicious because it shows repeated character sequences indicative of lexical obfuscation, and contains sensitive keywords such as password commonly targeted in credential theft attacks. Some of these indicators may suggest attempts to hide or obfuscate the true destination of the URL.",repeated character patterns | contains sensitive keywords such as password commonly targeted in credential theft attacks,OBSERVATIONAL,"The URL https://www.iseepassword.com appears cautiously suspicious due to its lack of specific malicious behavior, but some factors raise concerns. The use of HTTPS is a positive indicator, as it ensures secure data transmission. However, the domain structure and extension are common, which doesn't necessarily indicate legitimacy. Without further context or indicators of malicious activity, this URL's intentions remain unclear. Further analysis would"
https://www.paypal-prepaid.com,shows repeated character sequences indicative of lexical obfuscation | contains sensitive keywords such as paypal commonly targeted in credential theft attacks,"This URL is classified as malicious because it shows repeated character sequences indicative of lexical obfuscation, and contains sensitive keywords such as paypal commonly targeted in credential theft attacks. Some of these indicators may suggest attempts to hide or obfuscate the true destination of the URL.",repeated character patterns | contains sensitive keywords such as paypal commonly targeted in credential theft attacks,OBSERVATIONAL,"The URL https://www.paypal-prepaid.com appears to have mixed signals. On one hand, it uses HTTPS, a secure protocol, and has a recognizable brand-style naming convention with ""paypal"", indicating a legitimate connection to the well-known PayPal service. However, the use of ""-prepaid"" in the domain name may raise some eyebrows, as it's not a standard part of the main PayPal"
https://www.securepay.com,shows repeated character sequences indicative of lexical obfuscation | contains sensitive keywords such as secure commonly targeted in credential theft attacks,"This URL is classified as malicious because it shows repeated character sequences indicative of lexical obfuscation, and contains sensitive keywords such as secure commonly targeted in credential theft attacks. Some of these indicators may suggest attempts to hide or obfuscate the true destination of the URL.",repeated character patterns | contains sensitive keywords such as secure commonly targeted in credential theft attacks,OBSERVATIONAL,"The URL https://www.securepay.com may not raise immediate red flags, but caution is warranted. The presence of ""secure"" in the domain name suggests a legitimate attempt to convey trustworthiness. However, this could be a deliberate effort to mislead users, as ""security"" is often used by malicious actors to create a sense of safety. Further investigation would be necessary to determine whether this"
https://www.designindaba.com,shows repeated character sequences indicative of lexical obfuscation | contains sensitive keywords such as signin commonly targeted in credential theft attacks,"This URL is classified as malicious because it shows repeated character sequences indicative of lexical obfuscation, and contains sensitive keywords such as signin commonly targeted in credential theft attacks. Some of these indicators may suggest attempts to hide or obfuscate the true destination of the URL.",repeated character patterns | contains sensitive keywords such as signin commonly targeted in credential theft attacks,OBSERVATIONAL,"The URL https://www.designindaba.com appears to have a mix of legitimate and suspicious characteristics. The use of secure HTTPS is a positive indicator, but the domain structure ""designindaba"" doesn't immediately reveal its purpose or affiliation. A common domain extension (.com) suggests legitimacy, but without further context, it's uncertain whether this URL is a genuine design platform or a potential phishing attempt."
https://www.thetokens.com,shows repeated character sequences indicative of lexical obfuscation | contains sensitive keywords such as token commonly targeted in credential theft attacks,"This URL is classified as malicious because it shows repeated character sequences indicative of lexical obfuscation, and contains sensitive keywords such as token commonly targeted in credential theft attacks. Some of these indicators may suggest attempts to hide or obfuscate the true destination of the URL.",repeated character patterns | contains sensitive keywords such as token commonly targeted in credential theft attacks,OBSERVATIONAL,"The URL https://www.thetokens.com appears to have a mix of legitimate and suspicious characteristics. The use of HTTPS is a positive indicator, ensuring secure communication between the user's browser and the website. However, the domain structure ""www."" may be considered outdated or unnecessary in modern web design. Additionally, "".com"" is a common top-level domain extension, but it doesn't provide any specific"
https://www.parisupdate.com,shows repeated character sequences indicative of lexical obfuscation | contains sensitive keywords such as update commonly targeted in credential theft attacks,"This URL is classified as malicious because it shows repeated character sequences indicative of lexical obfuscation, and contains sensitive keywords such as update commonly targeted in credential theft attacks. Some of these indicators may suggest attempts to hide or obfuscate the true destination of the URL.",repeated character patterns | contains sensitive keywords such as update commonly targeted in credential theft attacks,OBSERVATIONAL,"The URL https://www.parisupdate.com appears to have a mix of legitimate and suspicious characteristics. The use of HTTPS is a positive indicator, as it suggests the site takes security seriously. However, the domain name ""parisupdate"" doesn't clearly indicate what type of content or service can be expected from the website. This ambiguity may raise some caution, making it worth further investigation to determine if"
https://www.verifyhalal.com,shows repeated character sequences indicative of lexical obfuscation | contains sensitive keywords such as verify commonly targeted in credential theft attacks,"This URL is classified as malicious because it shows repeated character sequences indicative of lexical obfuscation, and contains sensitive keywords such as verify commonly targeted in credential theft attacks. Some of these indicators may suggest attempts to hide or obfuscate the true destination of the URL.",repeated character patterns | contains sensitive keywords such as verify commonly targeted in credential theft attacks,OBSERVATIONAL,"The URL https://www.verifyhalal.com appears to have a mixed profile. On one hand, it uses secure HTTPS and has a common domain extension (.com), which are legitimate indicators. However, the presence of ""verify"" in the domain may suggest an attempt to verify or authenticate something, potentially indicating a phishing-like behavior. Overall, this URL's behavior is cautious and warrants further inspection due to"
https://www.samouraiwallet.com,shows repeated character sequences indicative of lexical obfuscation | contains sensitive keywords such as wallet commonly targeted in credential theft attacks,"This URL is classified as malicious because it shows repeated character sequences indicative of lexical obfuscation, and contains sensitive keywords such as wallet commonly targeted in credential theft attacks. Some of these indicators may suggest attempts to hide or obfuscate the true destination of the URL.",repeated character patterns | contains sensitive keywords such as wallet commonly targeted in credential theft attacks,OBSERVATIONAL,"The URL https://www.samouraiwallet.com appears cautiously legitimate due to its secure HTTPS usage and common domain extension (.com). However, the presence of ""www"" in the subdomain structure is a neutral aspect. Overall, this URL's behavior aligns with typical web applications, suggesting it may be genuine. Further investigation would be necessary to confirm its authenticity, as some malicious domains can mimic legitimate"
https://www.t-h-i-n-g-s.com,shows repeated character sequences indicative of lexical obfuscation | contains excessive special characters frequently observed in phishing URLs,"This URL is classified as malicious because it shows repeated character sequences indicative of lexical obfuscation, and contains excessive special characters frequently observed in phishing URLs. Some of these indicators may suggest attempts to hide or obfuscate the true destination of the URL.",repeated character patterns | many special characters,OBSERVATIONAL,"This URL may raise some caution due to its excessive use of special characters, particularly the hyphens. However, it's also worth noting that the website uses secure HTTPS protocol and has a common domain extension (.com). The readable domain structure is also a legitimate indicator. While these characteristics suggest legitimacy, the abundance of special characters could be an attempt to make the URL more memorable or obscure its true purpose"
https://www.barbarakatz.com,shows repeated character sequences indicative of lexical obfuscation | shows repeated lexical patterns resembling typosquatting or algorithmic domain generation,"This URL is classified as malicious because it shows repeated character sequences indicative of lexical obfuscation, and shows repeated lexical patterns resembling typosquatting or algorithmic domain generation. Some of these indicators may suggest attempts to hide or obfuscate the true destination of the URL.",repeated character patterns | shows repeated lexical patterns resembling typosquatting or algorithmic domain generation,OBSERVATIONAL,"The URL https://www.barbarakatz.com appears to have a mix of legitimate and potentially suspicious characteristics. The use of HTTPS is a strong indicator of security, while the domain structure (e.g., ""www."") suggests an older website design. However, the presence of a common domain extension (.com) and a readable domain name do not raise significant concerns. Overall, this URL may appear neutral"
